{"cameraMode":{"drawMode":0,"name":"Shaded","section":"Shading Mode"},"sceneLighting":false,"audioPlay":false,"sceneViewState":{"showFog":true,"showMaterialUpdate":true,"showSkybox":false,"showFlares":true,"showImageEffects":true,"showParticleSystems":true},"in2DMode":false,"pivot":{"x":-1.4726717472076417,"y":1.4739898443222047,"z":-0.03670426458120346},"rotation":{"x":-0.004129286855459213,"y":0.9928527474403381,"z":-0.036069728434085849,"w":-0.11368965357542038},"size":7.208641529083252,"orthographic":false}