{"cameraMode":{"drawMode":0,"name":"Shaded","section":"Shading Mode"},"sceneLighting":false,"audioPlay":false,"sceneViewState":{"showFog":true,"showMaterialUpdate":true,"showSkybox":false,"showFlares":true,"showImageEffects":true,"showParticleSystems":true},"in2DMode":false,"pivot":{"x":0.6100000143051148,"y":1.9800000190734864,"z":1.2000000476837159},"rotation":{"x":-0.0023439538199454548,"y":0.7066693305969238,"z":-0.002342466963455081,"w":-0.7075362205505371},"size":22.0,"orthographic":false}