{"cameraMode":{"drawMode":0,"name":"Shaded","section":"Shading Mode"},"sceneLighting":false,"audioPlay":false,"sceneViewState":{"showFog":true,"showMaterialUpdate":true,"showSkybox":false,"showFlares":true,"showImageEffects":true,"showParticleSystems":true},"in2DMode":false,"pivot":{"x":-2.8032917976379396,"y":1.968292474746704,"z":-1.3103139400482178},"rotation":{"x":0.0004438377800397575,"y":0.9277297258377075,"z":0.0011006123386323453,"w":-0.3732510805130005},"size":7.351100921630859,"orthographic":false}