{"cameraMode":{"drawMode":0,"name":"Shaded","section":"Shading Mode"},"sceneLighting":false,"audioPlay":false,"sceneViewState":{"showFog":true,"showMaterialUpdate":true,"showSkybox":false,"showFlares":true,"showImageEffects":true,"showParticleSystems":true},"in2DMode":false,"pivot":{"x":-0.6188148260116577,"y":14.835261344909668,"z":-5.209630012512207},"rotation":{"x":-0.0042785401456058029,"y":0.9507021903991699,"z":-0.013133225031197071,"w":-0.30979782342910769},"size":1.725494384765625,"orthographic":false}