{"cameraMode":{"drawMode":0,"name":"Shaded","section":"Shading Mode"},"sceneLighting":false,"audioPlay":false,"sceneViewState":{"showFog":true,"showMaterialUpdate":true,"showSkybox":false,"showFlares":true,"showImageEffects":true,"showParticleSystems":true},"in2DMode":false,"pivot":{"x":2.113766670227051,"y":14.032279968261719,"z":-7.465427398681641},"rotation":{"x":-0.07159030437469483,"y":-0.9031444787979126,"z":0.16603675484657288,"w":-0.3894054889678955},"size":2.8578836917877199,"orthographic":false}