{"cameraMode":{"drawMode":0,"name":"Shaded","section":"Shading Mode"},"sceneLighting":false,"audioPlay":false,"sceneViewState":{"showFog":true,"showMaterialUpdate":true,"showSkybox":false,"showFlares":true,"showImageEffects":true,"showParticleSystems":true},"in2DMode":false,"pivot":{"x":23.22102165222168,"y":0.0718628540635109,"z":0.1507573127746582},"rotation":{"x":-0.044549062848091128,"y":0.07366658747196198,"z":0.003295131493359804,"w":0.9962819814682007},"size":2.2052435874938967,"orthographic":false}