{"cameraMode":{"drawMode":0,"name":"Shaded","section":"Shading Mode"},"sceneLighting":false,"audioPlay":false,"sceneViewState":{"showFog":true,"showMaterialUpdate":true,"showSkybox":false,"showFlares":true,"showImageEffects":true,"showParticleSystems":true},"in2DMode":false,"pivot":{"x":-1.1259934902191163,"y":2.048593759536743,"z":-2.374774932861328},"rotation":{"x":0.0006147462408989668,"y":0.9963204860687256,"z":0.007160340901464224,"w":-0.08540432155132294},"size":7.3968281745910648,"orthographic":false}