{"cameraMode":{"drawMode":0,"name":"Shaded","section":"Shading Mode"},"sceneLighting":false,"audioPlay":false,"sceneViewState":{"showFog":true,"showMaterialUpdate":true,"showSkybox":false,"showFlares":true,"showImageEffects":true,"showParticleSystems":true},"in2DMode":false,"pivot":{"x":-3.9214391708374025,"y":-1.7121083736419678,"z":3.0372395515441896},"rotation":{"x":0.06159627437591553,"y":0.772296130657196,"z":-0.07578253000974655,"w":0.6277114748954773},"size":17.94845199584961,"orthographic":false}