{"cameraMode":{"drawMode":0,"name":"Shaded","section":"Shading Mode"},"sceneLighting":true,"audioPlay":false,"sceneViewState":{"showFog":true,"showMaterialUpdate":true,"showSkybox":true,"showFlares":true,"showImageEffects":true,"showParticleSystems":true},"in2DMode":false,"pivot":{"x":-6.063873291015625,"y":-42.48853302001953,"z":271.5909729003906},"rotation":{"x":-0.09466224908828736,"y":0.013722688890993595,"z":-0.0013059752527624369,"w":-0.9954140186309815},"size":326.22235107421877,"orthographic":false}