{"cameraMode":{"drawMode":0,"name":"Shaded","section":"Shading Mode"},"sceneLighting":true,"audioPlay":false,"sceneViewState":{"showFog":true,"showMaterialUpdate":true,"showSkybox":true,"showFlares":true,"showImageEffects":true,"showParticleSystems":true},"in2DMode":false,"pivot":{"x":-0.09527337551116944,"y":-1.3761234283447266,"z":29.94293975830078},"rotation":{"x":-0.054282959550619128,"y":0.008084451779723168,"z":-0.00043975102016702294,"w":-0.9984927773475647},"size":75.01454162597656,"orthographic":false}