{"cameraMode":{"drawMode":0,"name":"Shaded","section":"Shading Mode"},"sceneLighting":false,"audioPlay":false,"sceneViewState":{"showFog":true,"showMaterialUpdate":true,"showSkybox":false,"showFlares":true,"showImageEffects":true,"showParticleSystems":true},"in2DMode":false,"pivot":{"x":-2.365623950958252,"y":0.626538872718811,"z":3.8049278259277345},"rotation":{"x":-0.004129286855459213,"y":0.9928527474403381,"z":-0.036069728434085849,"w":-0.11368965357542038},"size":4.313897132873535,"orthographic":false}