{"cameraMode":{"drawMode":0,"name":"Shaded","section":"Shading Mode"},"sceneLighting":true,"audioPlay":false,"sceneViewState":{"showFog":true,"showMaterialUpdate":true,"showSkybox":true,"showFlares":true,"showImageEffects":true,"showParticleSystems":true},"in2DMode":false,"pivot":{"x":0.526779294013977,"y":4.321378707885742,"z":-4.306800842285156},"rotation":{"x":-0.012309983372688294,"y":-0.0054027303121984009,"z":0.00006646947440458462,"w":-0.9999096393585205},"size":38.2509651184082,"orthographic":false}