{"cameraMode":{"drawMode":0,"name":"Shaded","section":"Shading Mode"},"sceneLighting":false,"audioPlay":false,"sceneViewState":{"showFog":true,"showMaterialUpdate":true,"showSkybox":false,"showFlares":true,"showImageEffects":true,"showParticleSystems":true},"in2DMode":false,"pivot":{"x":-1.6803677082061768,"y":1.6915130615234376,"z":0.022956818342208864},"rotation":{"x":-0.004129286855459213,"y":0.9928527474403381,"z":-0.036069728434085849,"w":-0.11368965357542038},"size":8.140666961669922,"orthographic":false}