{"cameraMode":{"drawMode":0,"name":"Shaded","section":"Shading Mode"},"sceneLighting":false,"audioPlay":false,"sceneViewState":{"showFog":true,"showMaterialUpdate":true,"showSkybox":false,"showFlares":true,"showImageEffects":true,"showParticleSystems":true},"in2DMode":false,"pivot":{"x":20.860000610351564,"y":-0.04999998211860657,"z":-8.25},"rotation":{"x":0.03417364880442619,"y":0.019771989434957506,"z":0.0006751844193786383,"w":-0.9992201328277588},"size":4.177459716796875,"orthographic":false}