{"cameraMode":{"drawMode":0,"name":"Shaded","section":"Shading Mode"},"sceneLighting":false,"audioPlay":false,"sceneViewState":{"showFog":true,"showMaterialUpdate":true,"showSkybox":false,"showFlares":true,"showImageEffects":true,"showParticleSystems":true},"in2DMode":false,"pivot":{"x":20.628494262695314,"y":-0.7715312242507935,"z":2.105180263519287},"rotation":{"x":-0.03665420785546303,"y":0.8277642130851746,"z":0.05445169284939766,"w":0.5572234988212586},"size":6.696589946746826,"orthographic":false}