{"cameraMode":{"drawMode":0,"name":"Shaded","section":"Shading Mode"},"sceneLighting":false,"audioPlay":false,"sceneViewState":{"showFog":true,"showMaterialUpdate":true,"showSkybox":false,"showFlares":true,"showImageEffects":true,"showParticleSystems":true},"in2DMode":false,"pivot":{"x":0.02295650541782379,"y":-1.0493299961090088,"z":0.980278491973877},"rotation":{"x":-0.0023439538199454548,"y":0.7066693305969238,"z":-0.002342466963455081,"w":-0.7075362205505371},"size":15.96782112121582,"orthographic":false}