{"cameraMode":{"drawMode":0,"name":"Shaded","section":"Shading Mode"},"sceneLighting":false,"audioPlay":false,"sceneViewState":{"showFog":true,"showMaterialUpdate":true,"showSkybox":false,"showFlares":true,"showImageEffects":true,"showParticleSystems":true},"in2DMode":false,"pivot":{"x":-5.960000038146973,"y":-0.9700000286102295,"z":-8.5600004196167},"rotation":{"x":0.03417364880442619,"y":0.019771989434957506,"z":0.0006751844193786383,"w":-0.9992201328277588},"size":17.13690757751465,"orthographic":false}