{"cameraMode":{"drawMode":0,"name":"Shaded","section":"Shading Mode"},"sceneLighting":false,"audioPlay":false,"sceneViewState":{"showFog":true,"showMaterialUpdate":true,"showSkybox":false,"showFlares":true,"showImageEffects":true,"showParticleSystems":true},"in2DMode":false,"pivot":{"x":-8.838512420654297,"y":0.503402590751648,"z":0.0032143890857696535},"rotation":{"x":0.03173907473683357,"y":0.06622607260942459,"z":-0.002106731990352273,"w":0.9972975254058838},"size":4.999999523162842,"orthographic":false}