{"cameraMode":{"drawMode":0,"name":"Shaded","section":"Shading Mode"},"sceneLighting":false,"audioPlay":false,"sceneViewState":{"showFog":true,"showMaterialUpdate":true,"showSkybox":false,"showFlares":true,"showImageEffects":true,"showParticleSystems":true},"in2DMode":false,"pivot":{"x":-3.3527612686157229e-8,"y":-1.2156070470809937,"z":0.9054718017578125},"rotation":{"x":-0.0023439538199454548,"y":0.7066693305969238,"z":-0.002342466963455081,"w":-0.7075362205505371},"size":16.41057014465332,"orthographic":false}