{"cameraMode":{"drawMode":0,"name":"Shaded","section":"Shading Mode"},"sceneLighting":false,"audioPlay":false,"sceneViewState":{"showFog":true,"showMaterialUpdate":true,"showSkybox":false,"showFlares":true,"showImageEffects":true,"showParticleSystems":true},"in2DMode":false,"pivot":{"x":-7.1100006103515629,"y":4.769999980926514,"z":3.5762786865234377e-7},"rotation":{"x":0.03173907473683357,"y":0.06622607260942459,"z":-0.002106731990352273,"w":0.9972975254058838},"size":6.257697582244873,"orthographic":false}