{"cameraMode":{"drawMode":0,"name":"Shaded","section":"Shading Mode"},"sceneLighting":true,"audioPlay":false,"sceneViewState":{"showFog":true,"showMaterialUpdate":true,"showSkybox":true,"showFlares":true,"showImageEffects":true,"showParticleSystems":true},"in2DMode":false,"pivot":{"x":-10.35605239868164,"y":3.8811843395233156,"z":10.479259490966797},"rotation":{"x":-0.0064975908026099209,"y":-0.6636283993721008,"z":-0.0057632508687675,"w":0.7480120658874512},"size":49.15673065185547,"orthographic":false}