{"cameraMode":{"drawMode":0,"name":"Shaded","section":"Shading Mode"},"sceneLighting":false,"audioPlay":false,"sceneViewState":{"showFog":true,"showMaterialUpdate":true,"showSkybox":false,"showFlares":true,"showImageEffects":true,"showParticleSystems":true},"in2DMode":false,"pivot":{"x":-7.420000076293945,"y":-3.32287859916687,"z":-0.06065431982278824},"rotation":{"x":0.03173907473683357,"y":0.06622607260942459,"z":-0.002106731990352273,"w":0.9972975254058838},"size":7.194788932800293,"orthographic":false}