{"cameraMode":{"drawMode":0,"name":"Shaded","section":"Shading Mode"},"sceneLighting":false,"audioPlay":false,"sceneViewState":{"showFog":true,"showMaterialUpdate":true,"showSkybox":false,"showFlares":true,"showImageEffects":true,"showParticleSystems":true},"in2DMode":false,"pivot":{"x":0.27814483642578127,"y":2.168996810913086,"z":-2.554636001586914},"rotation":{"x":0.002831168007105589,"y":0.7367666363716126,"z":0.0030836050864309074,"w":-0.6761342287063599},"size":22.0,"orthographic":false}