{"cameraMode":{"drawMode":0,"name":"Shaded","section":"Shading Mode"},"sceneLighting":false,"audioPlay":false,"sceneViewState":{"showFog":true,"showMaterialUpdate":true,"showSkybox":false,"showFlares":true,"showImageEffects":true,"showParticleSystems":true},"in2DMode":false,"pivot":{"x":-5.800000190734863,"y":0.3571213483810425,"z":-0.09944280982017517},"rotation":{"x":0.03173907473683357,"y":0.06622607260942459,"z":-0.002106731990352273,"w":0.9972975254058838},"size":7.194791316986084,"orthographic":false}