{"cameraMode":{"drawMode":0,"name":"Shaded","section":"Shading Mode"},"sceneLighting":false,"audioPlay":false,"sceneViewState":{"showFog":true,"showMaterialUpdate":true,"showSkybox":false,"showFlares":true,"showImageEffects":true,"showParticleSystems":true},"in2DMode":false,"pivot":{"x":-2.726066827774048,"y":2.450160503387451,"z":-3.0832667350769045},"rotation":{"x":0.0030842667911201717,"y":0.9530404210090637,"z":0.009708436205983162,"w":-0.302671879529953},"size":7.693071365356445,"orthographic":false}