{"cameraMode":{"drawMode":0,"name":"Shaded","section":"Shading Mode"},"sceneLighting":false,"audioPlay":false,"sceneViewState":{"showFog":true,"showMaterialUpdate":true,"showSkybox":false,"showFlares":true,"showImageEffects":true,"showParticleSystems":true},"in2DMode":false,"pivot":{"x":-5.800000190734863,"y":-0.9700000286102295,"z":1.0999999046325684},"rotation":{"x":-0.106545589864254,"y":0.03458006680011749,"z":-0.003708689706400037,"w":-0.9936994910240173},"size":17.13690757751465,"orthographic":false}