{"cameraMode":{"drawMode":0,"name":"Shaded","section":"Shading Mode"},"sceneLighting":false,"audioPlay":false,"sceneViewState":{"showFog":true,"showMaterialUpdate":true,"showSkybox":false,"showFlares":true,"showImageEffects":true,"showParticleSystems":true},"in2DMode":false,"pivot":{"x":-0.9977754354476929,"y":0.6007951498031616,"z":-2.2351741790771485e-7},"rotation":{"x":-0.004129286855459213,"y":0.9928527474403381,"z":-0.036069728434085849,"w":-0.11368965357542038},"size":4.313897132873535,"orthographic":false}