{"cameraMode":{"drawMode":0,"name":"Shaded","section":"Shading Mode"},"sceneLighting":true,"audioPlay":false,"sceneViewState":{"showFog":true,"showMaterialUpdate":true,"showSkybox":true,"showFlares":true,"showImageEffects":true,"showParticleSystems":true},"in2DMode":false,"pivot":{"x":-17.220497131347658,"y":37.73683166503906,"z":355.8127746582031},"rotation":{"x":0.03417364880442619,"y":0.019771989434957506,"z":0.0006751844193786383,"w":-0.9992201328277588},"size":409.90521240234377,"orthographic":false}