{"cameraMode":{"drawMode":0,"name":"Shaded","section":"Shading Mode"},"sceneLighting":true,"audioPlay":false,"sceneViewState":{"showFog":true,"showMaterialUpdate":true,"showSkybox":true,"showFlares":true,"showImageEffects":true,"showParticleSystems":true},"in2DMode":false,"pivot":{"x":31.04837417602539,"y":-4.17941951751709,"z":100.13480377197266},"rotation":{"x":0.03173907473683357,"y":0.06622607260942459,"z":-0.002106731990352273,"w":0.9972975254058838},"size":113.11461639404297,"orthographic":false}