{"cameraMode":{"drawMode":0,"name":"Shaded","section":"Shading Mode"},"sceneLighting":false,"audioPlay":false,"sceneViewState":{"showFog":true,"showMaterialUpdate":true,"showSkybox":false,"showFlares":true,"showImageEffects":true,"showParticleSystems":true},"in2DMode":false,"pivot":{"x":22.00461196899414,"y":-1.6716355085372925,"z":-0.44485926628112795},"rotation":{"x":0.12277509272098541,"y":-0.3221448063850403,"z":-0.04217829927802086,"w":-0.9377472996711731},"size":1.6052436828613282,"orthographic":false}