{"cameraMode":{"drawMode":0,"name":"Shaded","section":"Shading Mode"},"sceneLighting":false,"audioPlay":false,"sceneViewState":{"showFog":true,"showMaterialUpdate":true,"showSkybox":false,"showFlares":true,"showImageEffects":true,"showParticleSystems":true},"in2DMode":false,"pivot":{"x":-2.144821882247925,"y":0.6858806014060974,"z":1.192674160003662},"rotation":{"x":-0.0007044521044008434,"y":0.9770752191543579,"z":-0.0032380439806729557,"w":-0.21286891400814057},"size":4.965941429138184,"orthographic":false}